date,1st,2nd,3rd,4th,5th,6th,7th,8th,9th,10th
2018-01-26,davos,trump,forum,bancorp,dollar,income,tax,share,quarter,switzerland
2018-01-10,principles,standards,trust,buffett,says,hathaway,warren,brief,trump,china
2018-01-24,davos,rupees,coverage,yuan,says,forum,share,profit,bit,tax
2018-01-21,shutdown,afrin,turkish,kurdish,reopen,turkey,pence,syria,democrats,points
2018-01-12,principles,standards,trust,trump,shithole,coverage,haiti,tax,says,percent
2018-01-23,davos,rupees,says,coverage,shutdown,netflix,solar,yuan,tax,bit
2018-01-02,hour,iran,protests,brief,seaplane,unrest,bitcoin,ago,demonstrations,korea
2018-01-31,yuan,profit,beijing,coverage,rupees,says,chinese,million,versus,percent
2018-01-17,bitcoin,coverage,bank,says,carillion,tax,corp,percent,asml,beijing
2018-01-29,yuan,chinese,coverage,beijing,keurig,rupees,says,profit,pepper,million
2018-01-05,intel,tuna,katayama,kalanick,marijuana,trump,jobs,fred,apple,brief
2018-01-18,coverage,tax,says,percent,apple,quinta,bank,china,trump,billion
2018-01-11,principles,standards,trust,bitcoin,says,coverage,nafta,china,chinese,yuan
2018-01-30,yuan,profit,chinese,coverage,says,bit,rupees,beijing,renminbi,million
2018-01-04,bannon,intel,trump,marijuana,brief,iran,hour,storm,snow,bitcoin
2018-01-15,rials,carillion,yuan,coverage,says,chinese,detroit,beijing,bit,china
2018-01-09,altice,brief,bitcoin,korea,says,oprah,corp,sales,north,percent
2018-01-03,bannon,intel,hour,moneygram,mifid,trump,ant,brief,scana,cramer
2018-01-28,navalny,federer,kamprad,cilic,ikea,niinisto,points,ingvar,alexei,slam
2018-01-19,shutdown,rupees,coverage,says,yuan,bit,chinese,percent,beijing,corp
2018-01-25,davos,forum,coverage,rupees,share,dollar,says,yuan,versus,income
2018-01-16,yuan,coverage,says,chinese,bit,percent,bank,bitcoin,beijing,corp
2018-01-22,shutdown,bioverativ,yuan,senate,says,coverage,sanofi,juno,chinese,government
2018-01-14,rials,hawaii,redmayne,missile,hawaiians,mudslides,ballistic,sidon,alert,points
2018-01-08,gopro,coverage,videoid,videochannel,preliminary,sales,says,revenue,globes,china
2018-01-07,sutherland,meng,idlib,jackpot,bannon,princes,merkel,insidious,powerball,saudi
2018-01-27,alwaleed,bombardier,cramer,wozniacki,cseries,prince,saudi,halep,misconduct,syrian
2018-01-06,cramer,wolff,videochannel,videoid,toyoda,powerball,trump,letterman,ostend,jackpots
2018-01-13,cramer,trump,nuclear,sanctions,iran,facebook,rosengren,south,carillion,dudash
2018-01-20,shutdown,schumer,democrats,afrin,senate,trump,government,cramer,bill,kurdish
2018-01-01,cousins,liverpool,fireworks,killed,brisbane,costa,kologi,jedi,compass,rica
2018-02-01,yuan,eur,coverage,share,profit,income,million,revenue,says,versus
2018-02-22,versus,qtrly,share,revenue,million,dividend,baht,coverage,loss,profit
2018-02-04,amtrak,train,macedonia,bowl,points,game,greeks,super,scored,collided
2018-02-20,versus,coverage,dividend,walmart,share,million,bangalore,eur,baht,profit
2018-02-17,olympic,olympics,munich,korea,indictment,ledecka,oaxaca,narration,florida,bronze
2018-02-12,rupees,versus,coverage,bit,yuan,million,profit,dirhams,says,chinese
2018-02-05,rupees,coverage,bit,says,yuan,broadcom,chinese,bowl,qualcomm,eagles
2018-02-27,versus,baht,qtrly,powell,million,revenue,coverage,profit,loss,prelim
2018-02-13,rupees,versus,coverage,million,revenue,profit,bit,says,qtrly,loss
2018-02-02,coverage,rupees,memo,share,says,versus,eur,apple,quarter,billion
2018-02-26,baht,versus,coverage,profit,million,pcl,qtrly,chinese,dividend,says
2018-02-15,versus,loss,eur,million,revenue,coverage,share,profit,mln,sa
2018-02-28,versus,qtrly,baht,million,eur,loss,coverage,revenue,profit,share
2018-02-16,eur,versus,share,coverage,ab,million,revenue,dividend,qtrly,gaap
2018-02-09,rupees,versus,qtrly,coverage,revenue,million,eur,share,hk,gaap
2018-02-08,rupees,revenue,versus,share,coverage,million,qtrly,profit,quarter,gaap
2018-02-21,baht,versus,coverage,share,dividend,million,revenue,profit,hy,olympic
2018-02-23,baht,versus,qtrly,coverage,million,share,dividend,revenue,pcl,profit
2018-02-07,rupees,coverage,revenue,share,versus,million,gaap,dividend,tronc,bit
2018-02-11,riyals,olympic,dirhams,carnival,korea,olympics,skating,points,saratov,game
2018-02-06,rupees,coverage,volatility,share,profit,revenue,versus,percent,million,bit
2018-02-03,memo,davis,cup,cramer,winchester,huntsman,bowl,fargo,mirren,fbi
2018-02-14,rupees,versus,revenue,million,loss,coverage,profit,qtrly,sa,quarter
2018-02-24,buffett,nra,medal,dropbox,olympic,korea,sergeeva,geely,tusk,galmarini
2018-02-10,olympic,olympics,israeli,korean,athletes,korea,syria,memo,cramer,south
2018-02-19,baht,versus,latvia,coverage,olympic,hy,ab,dividend,profit,bank
2018-02-18,riyals,olympic,medal,games,skiing,medalist,doping,slalom,bronze,hirscher
2018-02-25,nokia,olympic,korea,truce,winter,olympics,curling,ceremony,games,athletes
2018-03-01,versus,eur,thomsonreuters,million,share,qtrly,revenue,powell,loss,brief
2018-03-27,rmb,hk,coverage,beijing,says,chinese,versus,dividend,yuan,fy
2018-03-08,principles,standards,trust,tariffs,coverage,eur,steel,million,cigna,aluminum
2018-03-23,dropbox,tariffs,trump,china,bolton,trade,omnibus,bill,facebook,ipo
2018-03-13,tillerson,broadcom,rex,qualcomm,pompeo,trump,cia,brief,secretary,state
2018-03-05,italy,coverage,tariffs,bit,steel,qualcomm,oscar,says,broadcom,trade
2018-03-26,hk,rmb,beijing,chinese,coverage,says,yuan,china,dividend,versus
2018-03-20,facebook,cambridge,weinstein,brief,prince,trump,saudi,fedex,uber,crown
2018-03-28,hk,rmb,versus,beijing,coverage,yuan,chinese,dividend,says,million
2018-03-16,brief,qualcomm,mcmaster,trump,nike,staff,stearns,suzano,broadcom,ferc
2018-03-19,facebook,brief,putin,trump,cambridge,staff,uber,opioid,files,updated
2018-03-07,cohn,tariffs,coverage,gary,trade,steel,trump,million,eur,aluminum
2018-03-14,kudlow,hawking,trump,hour,walkout,tariffs,theranos,broadcom,students,larry
2018-03-29,rmb,hk,versus,coverage,beijing,eur,yuan,chinese,dividend,million
2018-03-06,tariffs,coverage,steel,aluminum,says,trump,bit,corp,ceraweek,share
2018-03-12,brief,innogy,liveris,dropbox,broadcom,steel,trump,tariffs,solomon,aso
2018-03-22,facebook,zuckerberg,tariffs,brief,china,trade,trump,conditt,uber,staff
2018-03-09,principles,standards,trust,tariffs,steel,blankfein,coverage,trump,aluminum,says
2018-03-02,steel,tariffs,aluminum,lira,trump,trade,versus,tariff,baht,says
2018-03-31,magomedov,foti,kahn,hawking,autopilot,ksf,tesla,aeroflot,ingraham,jackpot
2018-03-17,mccabe,fbi,cramer,councilwoman,claimsfiler,trump,bridge,cambridge,xi,fired
2018-03-04,denuke,spd,narration,merkel,steel,bannister,trump,monologue,aluminum,points
2018-03-25,cricket,australia,kokkinakis,africa,puigdemont,china,ball,uber,facebook,vettel
2018-03-21,facebook,cambridge,transcript,zuckerberg,trump,brief,china,data,powell,reut
2018-03-30,yuan,beijing,chinese,says,coverage,bit,profit,eur,kong,hong
2018-03-10,broadcom,steel,tariffs,trump,filing,intel,cramer,aluminum,corp,eur
2018-03-15,kudlow,toys,trump,poisoning,brief,russia,amazon,statements,hour,trade
2018-03-11,innogy,mattis,mudeira,ghouta,xi,pyramids,woods,unwise,tvo,valspar
2018-03-03,steel,tariffs,aluminum,cramer,trump,police,razzie,trade,filing,mexico
2018-03-24,dropbox,narration,rough,reporter,facebook,gun,cramer,parkland,gendarme,cambridge
2018-03-18,putin,iqiyi,corker,russia,caci,csra,facebook,trump,sessions,transcript
2018-04-01,easter,gaza,montt,al,magomedov,defenceless,douma,rebel,saks,pope
2018-04-23,tablet,browser,abdeslam,korea,landscape,brief,vectren,oil,medium,duchess
2018-04-09,yuan,coverage,chinese,says,china,kong,hong,trade,bit,zuckerberg
2018-04-19,coverage,eur,says,versus,bancorp,yuan,share,million,income,chinese
2018-04-10,yuan,zuckerberg,chinese,facebook,beijing,says,xi,coverage,china,profit
2018-04-06,mln,trade,tariffs,china,trump,coverage,facebook,says,zuma,war
2018-04-27,eur,versus,yuan,profit,million,share,qtrly,says,bit,sa
2018-04-20,yuan,chinese,says,coverage,beijing,dividend,eur,oil,opec,comey
2018-04-03,spotify,coverage,says,yuan,beijing,chinese,amazon,bit,tesla,china
2018-04-25,yuan,eur,coverage,beijing,chinese,versus,says,dividend,profit,million
2018-04-13,yuan,says,chinese,coverage,syria,beijing,bit,comey,mln,trump
2018-04-17,bit,coverage,yuan,chinese,pesos,says,netflix,china,beijing,dividend
2018-04-26,versus,qtrly,yuan,profit,eur,share,million,quarter,revenue,income
2018-04-22,tablet,browser,waffle,troyer,fresenius,landscape,verne,medium,gunman,usa
2018-04-18,southwest,coverage,says,beijing,engine,chinese,yuan,dividend,china,bank
2018-04-11,zuckerberg,yuan,facebook,says,chinese,syria,coverage,beijing,china,eur
2018-04-04,tariffs,china,youtube,trade,spotify,coverage,chinese,beijing,aghdam,says
2018-04-30,versus,eur,sprint,coverage,lira,profit,loss,bit,sainsbury,million
2018-04-14,syria,strikes,chemical,syrian,weapons,attack,damascus,douma,air,russia
2018-04-05,trade,china,tariffs,coverage,facebook,says,mln,filing,trump,dimon
2018-04-08,douma,augusta,chemical,reed,sewing,attack,syrian,mcilroy,masters,killed
2018-04-07,augusta,muenster,cramer,masters,lula,backpage,golf,claimsfiler,pomerantz,border
2018-04-12,rials,syria,eur,coverage,yuan,says,mln,chinese,bit,beijing
2018-04-21,tablet,browser,landscape,medium,thomsonreuters,nuclear,wide,opcw,avicii,trump
2018-04-29,versus,dirhams,psc,riyals,profit,pompeo,bit,beijing,requirement,hyperloop
2018-04-02,yuan,beijing,chinese,says,coverage,profit,dividend,brief,bit,news
2018-04-28,lira,versus,yuan,naira,bit,chinese,kong,korean,cicely,says
2018-04-24,yuan,coverage,chinese,versus,ab,beijing,says,profit,eur,bit
2018-04-16,yuan,syria,chinese,sorrell,beijing,coverage,says,strikes,pesos,chemical
2018-04-15,rials,syria,chemical,strikes,weapons,syrian,sorrell,haley,comey,bush
2018-05-01,share,qtrly,revenue,versus,thomsonreuters,gaap,coverage,million,apple,income
2018-05-25,weinstein,petersburg,summit,gdpr,korea,russia,harvey,trump,north,russian
2018-05-04,share,gaap,versus,revenue,million,quarter,buffett,income,loss,qtrly
2018-05-16,principles,standards,trust,qtrly,loss,iran,quarter,corp,share,coverage
2018-05-07,buffett,versus,yuan,rupees,chinese,iran,rmb,million,says,bit
2018-05-29,italy,starbucks,euro,roseanne,pret,italian,turmoil,bayer,oil,transcript
2018-05-22,zuckerberg,china,facebook,trade,ellison,trump,hour,iran,cnbc,micron
2018-05-17,ocado,oil,china,wedding,kroger,iran,trade,trump,markle,windsor
2018-05-03,share,versus,qtrly,revenue,gaap,million,quarter,tesla,income,loss
2018-05-28,italy,mattarella,minister,cottarelli,rajoy,gassama,summit,mosque,elections,korea
2018-05-30,tablet,browser,landscape,medium,italy,wide,roseanne,barr,advertise,italian
2018-05-23,comcast,trump,china,bank,percent,corp,fox,cnbc,uber,lowe
2018-05-02,share,versus,revenue,gaap,qtrly,coverage,million,quarter,income,loss
2018-05-15,tablet,browser,landscape,medium,principles,standards,trust,wide,larger,cookies
2018-05-08,iran,nuclear,share,qtrly,gaap,revenue,income,quarter,loss,deal
2018-05-13,iran,adnoc,inning,sadr,abadi,eurovision,attacker,police,knife,telegram
2018-05-24,trump,summit,bank,china,korea,russian,north,percent,cnbc,deutsche
2018-05-12,najib,filing,mahathir,edp,poundworld,files,flipkart,cramer,bit,khouw
2018-05-10,qtrly,share,revenue,loss,quarter,gaap,iran,million,income,versus
2018-05-09,iran,share,qtrly,nuclear,loss,zacks,gaap,revenue,quarter,deal
2018-05-31,tablet,browser,landscape,medium,tariffs,italy,wide,gm,steel,advertise
2018-05-19,wedding,meghan,windsor,markle,harry,prince,chapel,castle,royal,narration
2018-05-11,qtrly,loss,revenue,share,zacks,quarter,corp,gaap,coverage,million
2018-05-18,wedding,markle,china,izettle,meghan,royal,trump,cannes,trade,prince
2018-05-05,buffett,navalny,omaha,hathaway,cramer,warren,claimsfiler,mars,lander,munger
2018-06-01,kuros,eph,brainard,lael,onvo,drian,chf,sterk,zacks,dialog
2018-05-21,wabtec,china,trade,ge,deal,hour,lasalle,batali,war,pompeo
2018-05-14,tablet,browser,landscape,medium,wide,embassy,jerusalem,larger,cookies,phone
2018-05-27,summit,savona,korean,jong,un,missionary,north,warships,abortion,liverpool
2018-05-26,abortion,sesame,ireland,tesla,holt,varadkar,summit,happytime,truckers,shuan
2018-05-06,buffett,hawaii,rouhani,iran,derby,hathaway,tutankhamen,croft,volcano,adrian
2018-05-20,sadr,maduro,lg,koo,narration,deadpool,marada,iran,film,rough
